,respID,qID,altID,obsID,profileID,vCPU,RAM,Disk,Traffic,Price,choice
1,1,1,1,1,265,2,16,20,20,10,0
2,1,1,2,1,316,16,16,360,20,10,0
3,1,1,3,1,229,2,8,160,30,8,1
4,1,2,1,2,366,4,32,160,30,10,0
5,1,2,2,2,72,16,8,20,30,4,0
6,1,2,3,2,15,8,32,20,20,4,1
7,1,3,1,3,14,4,32,20,20,4,1
8,1,3,2,3,502,4,8,360,30,15,0
9,1,3,3,3,370,4,4,360,30,10,0
10,1,4,1,4,416,16,32,40,20,15,0
11,1,4,2,4,72,16,8,20,30,4,1
12,1,4,3,4,432,16,32,160,20,15,0
13,1,5,1,5,30,4,32,40,20,4,0
14,1,5,2,5,314,4,16,360,20,10,0
15,1,5,3,5,440,16,8,360,20,15,1
16,1,6,1,6,199,8,8,20,30,8,0
17,1,6,2,6,328,16,8,20,30,10,0
18,1,6,3,6,15,8,32,20,20,4,1
19,1,7,1,7,480,16,32,40,30,15,0
20,1,7,2,7,272,16,32,20,20,10,1
21,1,7,3,7,200,16,8,20,30,8,0
22,1,8,1,8,471,8,8,40,30,15,0
23,1,8,2,8,128,16,32,360,30,4,1
24,1,8,3,8,157,2,32,40,20,8,0
25,1,9,1,9,262,4,8,20,20,10,0
26,1,9,2,9,161,2,4,160,20,8,0
27,1,9,3,9,231,8,8,160,30,8,1
28,1,10,1,10,258,4,4,20,20,10,0
29,1,10,2,10,3,8,4,20,20,4,1
30,1,10,3,10,356,16,4,160,30,10,0
31,2,1,1,11,252,16,16,360,30,8,0
32,2,1,2,11,48,16,32,160,20,4,1
33,2,1,3,11,240,16,32,160,30,8,0
34,2,2,1,12,154,4,16,40,20,8,0
35,2,2,2,12,205,2,32,20,30,8,0
36,2,2,3,12,372,16,4,360,30,10,1
37,2,3,1,13,318,4,32,360,20,10,0
38,2,3,2,13,89,2,16,40,30,4,0
39,2,3,3,13,300,16,16,160,20,10,1
40,2,4,1,14,184,16,8,360,20,8,0
41,2,4,2,14,247,8,8,360,30,8,0
42,2,4,3,14,160,16,32,40,20,8,1
43,2,5,1,15,419,8,4,160,20,15,0
44,2,5,2,15,114,4,4,360,30,4,1
45,2,5,3,15,355,8,4,160,30,10,0
46,2,6,1,16,299,8,16,160,20,10,1
47,2,6,2,16,436,16,4,360,20,15,0
48,2,6,3,16,294,4,8,160,20,10,0
49,2,7,1,17,366,4,32,160,30,10,0
50,2,7,2,17,512,16,32,360,30,15,1
51,2,7,3,17,327,8,8,20,30,10,0
52,2,8,1,18,335,8,32,20,30,10,0
53,2,8,2,18,213,2,8,40,30,8,0
54,2,8,3,18,382,4,32,360,30,10,1
55,2,9,1,19,189,2,32,360,20,8,0
56,2,9,2,19,402,4,4,40,20,15,0
57,2,9,3,19,383,8,32,360,30,10,1
58,2,10,1,20,447,8,32,360,20,15,0
59,2,10,2,20,423,8,8,160,20,15,0
60,2,10,3,20,384,16,32,360,30,10,1
61,3,1,1,21,216,16,8,40,30,8,1
62,3,1,2,21,402,4,4,40,20,15,0
63,3,1,3,21,375,8,8,360,30,10,0
64,3,2,1,22,313,2,16,360,20,10,0
65,3,2,2,22,200,16,8,20,30,8,1
66,3,2,3,22,394,4,16,20,20,15,0
67,3,3,1,23,380,16,16,360,30,10,0
68,3,3,2,23,111,8,32,160,30,4,1
69,3,3,3,23,451,8,4,20,30,15,0
70,3,4,1,24,433,2,4,360,20,15,1
71,3,4,2,24,5,2,8,20,20,4,0
72,3,4,3,24,88,16,8,40,30,4,0
73,3,5,1,25,201,2,16,20,30,8,0
74,3,5,2,25,417,2,4,160,20,15,1
75,3,5,3,25,327,8,8,20,30,10,0
76,3,6,1,26,156,16,16,40,20,8,1
77,3,6,2,26,49,2,4,360,20,4,0
78,3,6,3,26,375,8,8,360,30,10,0
79,3,7,1,27,113,2,4,360,30,4,1
80,3,7,2,27,117,2,8,360,30,4,0
81,3,7,3,27,199,8,8,20,30,8,0
82,3,8,1,28,296,16,8,160,20,10,1
83,3,8,2,28,177,2,4,360,20,8,0
84,3,8,3,28,468,16,4,40,30,15,0
85,3,9,1,29,425,2,16,160,20,15,0
86,3,9,2,29,149,2,8,40,20,8,1
87,3,9,3,29,331,8,16,20,30,10,0
88,3,10,1,30,87,8,8,40,30,4,0
89,3,10,2,30,436,16,4,360,20,15,1
90,3,10,3,30,460,16,16,20,30,15,0
91,4,1,1,31,186,4,16,360,20,8,0
92,4,1,2,31,155,8,16,40,20,8,0
93,4,1,3,31,94,4,32,40,30,4,1
94,4,2,1,32,181,2,8,360,20,8,0
95,4,2,2,32,29,2,32,40,20,4,0
96,4,2,3,32,161,2,4,160,20,8,1
97,4,3,1,33,476,16,16,40,30,15,0
98,4,3,2,33,395,8,16,20,20,15,0
99,4,3,3,33,62,4,32,360,20,4,1
100,4,4,1,34,82,4,4,40,30,4,0
101,4,4,2,34,36,16,4,160,20,4,1
102,4,4,3,34,161,2,4,160,20,8,0
103,4,5,1,35,435,8,4,360,20,15,0
104,4,5,2,35,461,2,32,20,30,15,0
105,4,5,3,35,368,16,32,160,30,10,1
106,4,6,1,36,300,16,16,160,20,10,1
107,4,6,2,36,494,4,32,160,30,15,0
108,4,6,3,36,326,4,8,20,30,10,0
109,4,7,1,37,426,4,16,160,20,15,0
110,4,7,2,37,80,16,32,20,30,4,0
111,4,7,3,37,219,8,16,40,30,8,1
112,4,8,1,38,115,8,4,360,30,4,1
113,4,8,2,38,27,8,16,40,20,4,0
114,4,8,3,38,117,2,8,360,30,4,0
115,4,9,1,39,234,4,16,160,30,8,0
116,4,9,2,39,442,4,16,360,20,15,0
117,4,9,3,39,436,16,4,360,20,15,1
118,4,10,1,40,407,8,8,40,20,15,0
119,4,10,2,40,78,4,32,20,30,4,1
120,4,10,3,40,231,8,8,160,30,8,0
121,5,1,1,41,294,4,8,160,20,10,1
122,5,1,2,41,412,16,16,40,20,15,0
123,5,1,3,41,512,16,32,360,30,15,0
124,5,2,1,42,446,4,32,360,20,15,1
125,5,2,2,42,92,16,16,40,30,4,0
126,5,2,3,42,333,2,32,20,30,10,0
127,5,3,1,43,54,4,8,360,20,4,1
128,5,3,2,43,435,8,4,360,20,15,0
129,5,3,3,43,494,4,32,160,30,15,0
130,5,4,1,44,358,4,8,160,30,10,0
131,5,4,2,44,385,2,4,20,20,15,0
132,5,4,3,44,92,16,16,40,30,4,1
133,5,5,1,45,497,2,4,360,30,15,0
134,5,5,2,45,55,8,8,360,20,4,1
135,5,5,3,45,503,8,8,360,30,15,0
136,5,6,1,46,282,4,16,40,20,10,1
137,5,6,2,46,249,2,16,360,30,8,0
138,5,6,3,46,297,2,16,160,20,10,0
139,5,7,1,47,282,4,16,40,20,10,0
140,5,7,2,47,244,16,4,360,30,8,1
141,5,7,3,47,15,8,32,20,20,4,0
142,5,8,1,48,414,4,32,40,20,15,0
143,5,8,2,48,306,4,4,360,20,10,1
144,5,8,3,48,274,4,4,40,20,10,0
145,5,9,1,49,398,4,32,20,20,15,0
146,5,9,2,49,172,16,16,160,20,8,1
147,5,9,3,49,199,8,8,20,30,8,0
148,5,10,1,50,272,16,32,20,20,10,0
149,5,10,2,50,183,8,8,360,20,8,1
150,5,10,3,50,21,2,8,40,20,4,0
151,6,1,1,51,239,8,32,160,30,8,1
152,6,1,2,51,469,2,8,40,30,15,0
153,6,1,3,51,132,16,4,20,20,8,0
154,6,2,1,52,381,2,32,360,30,10,1
155,6,2,2,52,342,4,8,40,30,10,0
156,6,2,3,52,338,4,4,40,30,10,0
157,6,3,1,53,415,8,32,40,20,15,0
158,6,3,2,53,82,4,4,40,30,4,0
159,6,3,3,53,90,4,16,40,30,4,1
160,6,4,1,54,204,16,16,20,30,8,1
161,6,4,2,54,473,2,16,40,30,15,0
162,6,4,3,54,510,4,32,360,30,15,0
163,6,5,1,55,378,4,16,360,30,10,0
164,6,5,2,55,199,8,8,20,30,8,0
165,6,5,3,55,28,16,16,40,20,4,1
166,6,6,1,56,495,8,32,160,30,15,1
167,6,6,2,56,209,2,4,40,30,8,0
168,6,6,3,56,462,4,32,20,30,15,0
169,6,7,1,57,270,4,32,20,20,10,0
170,6,7,2,57,319,8,32,360,20,10,1
171,6,7,3,57,432,16,32,160,20,15,0
172,6,8,1,58,275,8,4,40,20,10,0
173,6,8,2,58,163,8,4,160,20,8,0
174,6,8,3,58,47,8,32,160,20,4,1
175,6,9,1,59,13,2,32,20,20,4,0
176,6,9,2,59,438,4,8,360,20,15,0
177,6,9,3,59,232,16,8,160,30,8,1
178,6,10,1,60,493,2,32,160,30,15,0
179,6,10,2,60,387,8,4,20,20,15,1
180,6,10,3,60,478,4,32,40,30,15,0
181,7,1,1,61,168,16,8,160,20,8,0
182,7,1,2,61,36,16,4,160,20,4,1
183,7,1,3,61,154,4,16,40,20,8,0
184,7,2,1,62,494,4,32,160,30,15,0
185,7,2,2,62,137,2,16,20,20,8,1
186,7,2,3,62,477,2,32,40,30,15,0
187,7,3,1,63,236,16,16,160,30,8,1
188,7,3,2,63,180,16,4,360,20,8,0
189,7,3,3,63,413,2,32,40,20,15,0
190,7,4,1,64,369,2,4,360,30,10,1
191,7,4,2,64,406,4,8,40,20,15,0
192,7,4,3,64,441,2,16,360,20,15,0
193,7,5,1,65,64,16,32,360,20,4,1
194,7,5,2,65,207,8,32,20,30,8,0
195,7,5,3,65,306,4,4,360,20,10,0
196,7,6,1,66,128,16,32,360,30,4,1
197,7,6,2,66,311,8,8,360,20,10,0
198,7,6,3,66,341,2,8,40,30,10,0
199,7,7,1,67,282,4,16,40,20,10,0
200,7,7,2,67,88,16,8,40,30,4,1
201,7,7,3,67,165,2,8,160,20,8,0
202,7,8,1,68,423,8,8,160,20,15,0
203,7,8,2,68,203,8,16,20,30,8,0
204,7,8,3,68,71,8,8,20,30,4,1
205,7,9,1,69,251,8,16,360,30,8,0
206,7,9,2,69,138,4,16,20,20,8,0
207,7,9,3,69,244,16,4,360,30,8,1
208,7,10,1,70,29,2,32,40,20,4,0
209,7,10,2,70,416,16,32,40,20,15,1
210,7,10,3,70,463,8,32,20,30,15,0
211,8,1,1,71,359,8,8,160,30,10,0
212,8,1,2,71,352,16,32,40,30,10,1
213,8,1,3,71,7,8,8,20,20,4,0
214,8,2,1,72,271,8,32,20,20,10,1
215,8,2,2,72,209,2,4,40,30,8,0
216,8,2,3,72,477,2,32,40,30,15,0
217,8,3,1,73,290,4,4,160,20,10,1
218,8,3,2,73,133,2,8,20,20,8,0
219,8,3,3,73,210,4,4,40,30,8,0
220,8,4,1,74,355,8,4,160,30,10,0
221,8,4,2,74,395,8,16,20,20,15,0
222,8,4,3,74,368,16,32,160,30,10,1
223,8,5,1,75,188,16,16,360,20,8,1
224,8,5,2,75,416,16,32,40,20,15,0
225,8,5,3,75,97,2,4,160,30,4,0
226,8,6,1,76,346,4,16,40,30,10,0
227,8,6,2,76,426,4,16,160,20,15,0
228,8,6,3,76,167,8,8,160,20,8,1
229,8,7,1,77,491,8,16,160,30,15,0
230,8,7,2,77,503,8,8,360,30,15,0
231,8,7,3,77,260,16,4,20,20,10,1
232,8,8,1,78,99,8,4,160,30,4,1
233,8,8,2,78,299,8,16,160,20,10,0
234,8,8,3,78,319,8,32,360,20,10,0
235,8,9,1,79,84,16,4,40,30,4,1
236,8,9,2,79,505,2,16,360,30,15,0
237,8,9,3,79,102,4,8,160,30,4,0
238,8,10,1,80,329,2,16,20,30,10,0
239,8,10,2,80,507,8,16,360,30,15,0
240,8,10,3,80,163,8,4,160,20,8,1
241,9,1,1,81,202,4,16,20,30,8,0
242,9,1,2,81,225,2,4,160,30,8,1
243,9,1,3,81,341,2,8,40,30,10,0
244,9,2,1,82,367,8,32,160,30,10,1
245,9,2,2,82,49,2,4,360,20,4,0
246,9,2,3,82,387,8,4,20,20,15,0
247,9,3,1,83,249,2,16,360,30,8,0
248,9,3,2,83,202,4,16,20,30,8,1
249,9,3,3,83,504,16,8,360,30,15,0
250,9,4,1,84,51,8,4,360,20,4,1
251,9,4,2,84,11,8,16,20,20,4,0
252,9,4,3,84,228,16,4,160,30,8,0
253,9,5,1,85,105,2,16,160,30,4,0
254,9,5,2,85,95,8,32,40,30,4,1
255,9,5,3,85,22,4,8,40,20,4,0
256,9,6,1,86,310,4,8,360,20,10,0
257,9,6,2,86,509,2,32,360,30,15,0
258,9,6,3,86,70,4,8,20,30,4,1
259,9,7,1,87,461,2,32,20,30,15,0
260,9,7,2,87,151,8,8,40,20,8,0
261,9,7,3,87,244,16,4,360,30,8,1
262,9,8,1,88,468,16,4,40,30,15,0
263,9,8,2,88,381,2,32,360,30,10,0
264,9,8,3,88,84,16,4,40,30,4,1
265,9,9,1,89,250,4,16,360,30,8,0
266,9,9,2,89,127,8,32,360,30,4,1
267,9,9,3,89,24,16,8,40,20,4,0
268,9,10,1,90,4,16,4,20,20,4,0
269,9,10,2,90,134,4,8,20,20,8,0
270,9,10,3,90,92,16,16,40,30,4,1
271,10,1,1,91,275,8,4,40,20,10,0
272,10,1,2,91,144,16,32,20,20,8,1
273,10,1,3,91,427,8,16,160,20,15,0
274,10,2,1,92,488,16,8,160,30,15,0
275,10,2,2,92,150,4,8,40,20,8,0
276,10,2,3,92,332,16,16,20,30,10,1
277,10,3,1,93,380,16,16,360,30,10,1
278,10,3,2,93,206,4,32,20,30,8,0
279,10,3,3,93,432,16,32,160,20,15,0
280,10,4,1,94,121,2,16,360,30,4,1
281,10,4,2,94,473,2,16,40,30,15,0
282,10,4,3,94,289,2,4,160,20,10,0
283,10,5,1,95,85,2,8,40,30,4,0
284,10,5,2,95,276,16,4,40,20,10,1
285,10,5,3,95,506,4,16,360,30,15,0
286,10,6,1,96,170,4,16,160,20,8,0
287,10,6,2,96,3,8,4,20,20,4,1
288,10,6,3,96,297,2,16,160,20,10,0
289,10,7,1,97,151,8,8,40,20,8,1
290,10,7,2,97,506,4,16,360,30,15,0
291,10,7,3,97,198,4,8,20,30,8,0
292,10,8,1,98,303,8,32,160,20,10,0
293,10,8,2,98,437,2,8,360,20,15,0
294,10,8,3,98,72,16,8,20,30,4,1
295,10,9,1,99,475,8,16,40,30,15,1
296,10,9,2,99,466,4,4,40,30,15,0
297,10,9,3,99,461,2,32,20,30,15,0
298,10,10,1,100,290,4,4,160,20,10,0
299,10,10,2,100,279,8,8,40,20,10,0
300,10,10,3,100,4,16,4,20,20,4,1
301,11,1,1,101,15,8,32,20,20,4,0
302,11,1,2,101,315,8,16,360,20,10,1
303,11,1,3,101,471,8,8,40,30,15,0
304,11,2,1,102,213,2,8,40,30,8,0
305,11,2,2,102,314,4,16,360,20,10,0
306,11,2,3,102,49,2,4,360,20,4,1
307,11,3,1,103,490,4,16,160,30,15,0
308,11,3,2,103,252,16,16,360,30,8,1
309,11,3,3,103,219,8,16,40,30,8,0
310,11,4,1,104,315,8,16,360,20,10,1
311,11,4,2,104,89,2,16,40,30,4,0
312,11,4,3,104,498,4,4,360,30,15,0
313,11,5,1,105,348,16,16,40,30,10,0
314,11,5,2,105,331,8,16,20,30,10,0
315,11,5,3,105,43,8,16,160,20,4,1
316,11,6,1,106,467,8,4,40,30,15,0
317,11,6,2,106,128,16,32,360,30,4,1
318,11,6,3,106,360,16,8,160,30,10,0
319,11,7,1,107,57,2,16,360,20,4,1
320,11,7,2,107,454,4,8,20,30,15,0
321,11,7,3,107,13,2,32,20,20,4,0
322,11,8,1,108,51,8,4,360,20,4,0
323,11,8,2,108,56,16,8,360,20,4,1
324,11,8,3,108,417,2,4,160,20,15,0
325,11,9,1,109,343,8,8,40,30,10,0
326,11,9,2,109,55,8,8,360,20,4,1
327,11,9,3,109,498,4,4,360,30,15,0
328,11,10,1,110,289,2,4,160,20,10,0
329,11,10,2,110,241,2,4,360,30,8,0
330,11,10,3,110,3,8,4,20,20,4,1
331,12,1,1,111,473,2,16,40,30,15,0
332,12,1,2,111,421,2,8,160,20,15,0
333,12,1,3,111,69,2,8,20,30,4,1
334,12,2,1,112,311,8,8,360,20,10,1
335,12,2,2,112,5,2,8,20,20,4,0
336,12,2,3,112,509,2,32,360,30,15,0
337,12,3,1,113,22,4,8,40,20,4,0
338,12,3,2,113,129,2,4,20,20,8,0
339,12,3,3,113,115,8,4,360,30,4,1
340,12,4,1,114,252,16,16,360,30,8,1
341,12,4,2,114,414,4,32,40,20,15,0
342,12,4,3,114,322,4,4,20,30,10,0
343,12,5,1,115,235,8,16,160,30,8,1
344,12,5,2,115,509,2,32,360,30,15,0
345,12,5,3,115,462,4,32,20,30,15,0
346,12,6,1,116,246,4,8,360,30,8,1
347,12,6,2,116,242,4,4,360,30,8,0
348,12,6,3,116,428,16,16,160,20,15,0
349,12,7,1,117,271,8,32,20,20,10,0
350,12,7,2,117,28,16,16,40,20,4,1
351,12,7,3,117,492,16,16,160,30,15,0
352,12,8,1,118,228,16,4,160,30,8,0
353,12,8,2,118,468,16,4,40,30,15,0
354,12,8,3,118,47,8,32,160,20,4,1
355,12,9,1,119,174,4,32,160,20,8,1
356,12,9,2,119,321,2,4,20,30,10,0
357,12,9,3,119,343,8,8,40,30,10,0
358,12,10,1,120,12,16,16,20,20,4,1
359,12,10,2,120,512,16,32,360,30,15,0
360,12,10,3,120,446,4,32,360,20,15,0
361,13,1,1,121,370,4,4,360,30,10,0
362,13,1,2,121,477,2,32,40,30,15,0
363,13,1,3,121,178,4,4,360,20,8,1
364,13,2,1,122,293,2,8,160,20,10,0
365,13,2,2,122,218,4,16,40,30,8,1
366,13,2,3,122,454,4,8,20,30,15,0
367,13,3,1,123,349,2,32,40,30,10,0
368,13,3,2,123,367,8,32,160,30,10,1
369,13,3,3,123,269,2,32,20,20,10,0
370,13,4,1,124,69,2,8,20,30,4,0
371,13,4,2,124,98,4,4,160,30,4,1
372,13,4,3,124,75,8,16,20,30,4,0
373,13,5,1,125,23,8,8,40,20,4,0
374,13,5,2,125,299,8,16,160,20,10,1
375,13,5,3,125,447,8,32,360,20,15,0
376,13,6,1,126,169,2,16,160,20,8,0
377,13,6,2,126,158,4,32,40,20,8,0
378,13,6,3,126,26,4,16,40,20,4,1
379,13,7,1,127,379,8,16,360,30,10,1
380,13,7,2,127,5,2,8,20,20,4,0
381,13,7,3,127,488,16,8,160,30,15,0
382,13,8,1,128,110,4,32,160,30,4,1
383,13,8,2,128,458,4,16,20,30,15,0
384,13,8,3,128,461,2,32,20,30,15,0
385,13,9,1,129,227,8,4,160,30,8,0
386,13,9,2,129,8,16,8,20,20,4,1
387,13,9,3,129,428,16,16,160,20,15,0
388,13,10,1,130,453,2,8,20,30,15,0
389,13,10,2,130,402,4,4,40,20,15,0
390,13,10,3,130,95,8,32,40,30,4,1
391,14,1,1,131,291,8,4,160,20,10,0
392,14,1,2,131,99,8,4,160,30,4,1
393,14,1,3,131,422,4,8,160,20,15,0
394,14,2,1,132,175,8,32,160,20,8,1
395,14,2,2,132,453,2,8,20,30,15,0
396,14,2,3,132,283,8,16,40,20,10,0
397,14,3,1,133,416,16,32,40,20,15,0
398,14,3,2,133,63,8,32,360,20,4,1
399,14,3,3,133,269,2,32,20,20,10,0
400,14,4,1,134,187,8,16,360,20,8,1
401,14,4,2,134,497,2,4,360,30,15,0
402,14,4,3,134,337,2,4,40,30,10,0
403,14,5,1,135,149,2,8,40,20,8,0
404,14,5,2,135,395,8,16,20,20,15,0
405,14,5,3,135,371,8,4,360,30,10,1
406,14,6,1,136,127,8,32,360,30,4,1
407,14,6,2,136,369,2,4,360,30,10,0
408,14,6,3,136,99,8,4,160,30,4,0
409,14,7,1,137,308,16,4,360,20,10,1
410,14,7,2,137,347,8,16,40,30,10,0
411,14,7,3,137,169,2,16,160,20,8,0
412,14,8,1,138,304,16,32,160,20,10,0
413,14,8,2,138,390,4,8,20,20,15,0
414,14,8,3,138,247,8,8,360,30,8,1
415,14,9,1,139,294,4,8,160,20,10,0
416,14,9,2,139,13,2,32,20,20,4,0
417,14,9,3,139,374,4,8,360,30,10,1
418,14,10,1,140,272,16,32,20,20,10,0
419,14,10,2,140,102,4,8,160,30,4,1
420,14,10,3,140,405,2,8,40,20,15,0
421,15,1,1,141,226,4,4,160,30,8,1
422,15,1,2,141,311,8,8,360,20,10,0
423,15,1,3,141,26,4,16,40,20,4,0
424,15,2,1,142,107,8,16,160,30,4,0
425,15,2,2,142,80,16,32,20,30,4,0
426,15,2,3,142,119,8,8,360,30,4,1
427,15,3,1,143,474,4,16,40,30,15,0
428,15,3,2,143,32,16,32,40,20,4,1
429,15,3,3,143,206,4,32,20,30,8,0
430,15,4,1,144,397,2,32,20,20,15,0
431,15,4,2,144,344,16,8,40,30,10,1
432,15,4,3,144,441,2,16,360,20,15,0
433,15,5,1,145,418,4,4,160,20,15,0
434,15,5,2,145,349,2,32,40,30,10,0
435,15,5,3,145,47,8,32,160,20,4,1
436,15,6,1,146,310,4,8,360,20,10,0
437,15,6,2,146,68,16,4,20,30,4,1
438,15,6,3,146,339,8,4,40,30,10,0
439,15,7,1,147,237,2,32,160,30,8,0
440,15,7,2,147,179,8,4,360,20,8,1
441,15,7,3,147,69,2,8,20,30,4,0
442,15,8,1,148,88,16,8,40,30,4,1
443,15,8,2,148,165,2,8,160,20,8,0
444,15,8,3,148,55,8,8,360,20,4,0
445,15,9,1,149,378,4,16,360,30,10,0
446,15,9,2,149,75,8,16,20,30,4,1
447,15,9,3,149,3,8,4,20,20,4,0
448,15,10,1,150,498,4,4,360,30,15,0
449,15,10,2,150,340,16,4,40,30,10,1
450,15,10,3,150,259,8,4,20,20,10,0
451,16,1,1,151,506,4,16,360,30,15,0
452,16,1,2,151,43,8,16,160,20,4,1
453,16,1,3,151,471,8,8,40,30,15,0
454,16,2,1,152,327,8,8,20,30,10,0
455,16,2,2,152,369,2,4,360,30,10,0
456,16,2,3,152,216,16,8,40,30,8,1
457,16,3,1,153,435,8,4,360,20,15,0
458,16,3,2,153,235,8,16,160,30,8,1
459,16,3,3,153,326,4,8,20,30,10,0
460,16,4,1,154,232,16,8,160,30,8,1
461,16,4,2,154,493,2,32,160,30,15,0
462,16,4,3,154,216,16,8,40,30,8,0
463,16,5,1,155,471,8,8,40,30,15,0
464,16,5,2,155,72,16,8,20,30,4,0
465,16,5,3,155,164,16,4,160,20,8,1
466,16,6,1,156,119,8,8,360,30,4,1
467,16,6,2,156,102,4,8,160,30,4,0
468,16,6,3,156,381,2,32,360,30,10,0
469,16,7,1,157,310,4,8,360,20,10,0
470,16,7,2,157,232,16,8,160,30,8,1
471,16,7,3,157,136,16,8,20,20,8,0
472,16,8,1,158,220,16,16,40,30,8,1
473,16,8,2,158,480,16,32,40,30,15,0
474,16,8,3,158,285,2,32,40,20,10,0
475,16,9,1,159,195,8,4,20,30,8,0
476,16,9,2,159,457,2,16,20,30,15,0
477,16,9,3,159,107,8,16,160,30,4,1
478,16,10,1,160,355,8,4,160,30,10,0
479,16,10,2,160,238,4,32,160,30,8,0
480,16,10,3,160,23,8,8,40,20,4,1
481,17,1,1,161,134,4,8,20,20,8,0
482,17,1,2,161,110,4,32,160,30,4,1
483,17,1,3,161,186,4,16,360,20,8,0
484,17,2,1,162,252,16,16,360,30,8,1
485,17,2,2,162,66,4,4,20,30,4,0
486,17,2,3,162,243,8,4,360,30,8,0
487,17,3,1,163,115,8,4,360,30,4,1
488,17,3,2,163,228,16,4,160,30,8,0
489,17,3,3,163,171,8,16,160,20,8,0
490,17,4,1,164,490,4,16,160,30,15,0
491,17,4,2,164,248,16,8,360,30,8,1
492,17,4,3,164,212,16,4,40,30,8,0
493,17,5,1,165,41,2,16,160,20,4,1
494,17,5,2,165,337,2,4,40,30,10,0
495,17,5,3,165,424,16,8,160,20,15,0
496,17,6,1,166,375,8,8,360,30,10,1
497,17,6,2,166,265,2,16,20,20,10,0
498,17,6,3,166,41,2,16,160,20,4,0
499,17,7,1,167,465,2,4,40,30,15,0
500,17,7,2,167,144,16,32,20,20,8,1
501,17,7,3,167,268,16,16,20,20,10,0
502,17,8,1,168,287,8,32,40,20,10,0
503,17,8,2,168,113,2,4,360,30,4,1
504,17,8,3,168,37,2,8,160,20,4,0
505,17,9,1,169,105,2,16,160,30,4,0
506,17,9,2,169,186,4,16,360,20,8,1
507,17,9,3,169,278,4,8,40,20,10,0
508,17,10,1,170,24,16,8,40,20,4,1
509,17,10,2,170,488,16,8,160,30,15,0
510,17,10,3,170,250,4,16,360,30,8,0
511,18,1,1,171,217,2,16,40,30,8,0
512,18,1,2,171,317,2,32,360,20,10,0
513,18,1,3,171,126,4,32,360,30,4,1
514,18,2,1,172,326,4,8,20,30,10,0
515,18,2,2,172,138,4,16,20,20,8,0
516,18,2,3,172,63,8,32,360,20,4,1
517,18,3,1,173,65,2,4,20,30,4,0
518,18,3,2,173,467,8,4,40,30,15,0
519,18,3,3,173,109,2,32,160,30,4,1
520,18,4,1,174,271,8,32,20,20,10,0
521,18,4,2,174,472,16,8,40,30,15,0
522,18,4,3,174,311,8,8,360,20,10,1
523,18,5,1,175,481,2,4,160,30,15,0
524,18,5,2,175,171,8,16,160,20,8,1
525,18,5,3,175,198,4,8,20,30,8,0
526,18,6,1,176,182,4,8,360,20,8,1
527,18,6,2,176,193,2,4,20,30,8,0
528,18,6,3,176,72,16,8,20,30,4,0
529,18,7,1,177,211,8,4,40,30,8,1
530,18,7,2,177,411,8,16,40,20,15,0
531,18,7,3,177,374,4,8,360,30,10,0
532,18,8,1,178,119,8,8,360,30,4,1
533,18,8,2,178,97,2,4,160,30,4,0
534,18,8,3,178,482,4,4,160,30,15,0
535,18,9,1,179,114,4,4,360,30,4,1
536,18,9,2,179,469,2,8,40,30,15,0
537,18,9,3,179,101,2,8,160,30,4,0
538,18,10,1,180,442,4,16,360,20,15,0
539,18,10,2,180,80,16,32,20,30,4,1
540,18,10,3,180,276,16,4,40,20,10,0
541,19,1,1,181,452,16,4,20,30,15,0
542,19,1,2,181,240,16,32,160,30,8,1
543,19,1,3,181,117,2,8,360,30,4,0
544,19,2,1,182,260,16,4,20,20,10,0
545,19,2,2,182,435,8,4,360,20,15,0
546,19,2,3,182,101,2,8,160,30,4,1
547,19,3,1,183,462,4,32,20,30,15,0
548,19,3,2,183,294,4,8,160,20,10,0
549,19,3,3,183,303,8,32,160,20,10,1
550,19,4,1,184,351,8,32,40,30,10,0
551,19,4,2,184,451,8,4,20,30,15,0
552,19,4,3,184,208,16,32,20,30,8,1
553,19,5,1,185,372,16,4,360,30,10,1
554,19,5,2,185,310,4,8,360,20,10,0
555,19,5,3,185,268,16,16,20,20,10,0
556,19,6,1,186,510,4,32,360,30,15,0
557,19,6,2,186,272,16,32,20,20,10,1
558,19,6,3,186,358,4,8,160,30,10,0
559,19,7,1,187,453,2,8,20,30,15,0
560,19,7,2,187,407,8,8,40,20,15,0
561,19,7,3,187,95,8,32,40,30,4,1
562,19,8,1,188,401,2,4,40,20,15,0
563,19,8,2,188,148,16,4,40,20,8,1
564,19,8,3,188,105,2,16,160,30,4,0
565,19,9,1,189,356,16,4,160,30,10,1
566,19,9,2,189,492,16,16,160,30,15,0
567,19,9,3,189,151,8,8,40,20,8,0
568,19,10,1,190,468,16,4,40,30,15,0
569,19,10,2,190,160,16,32,40,20,8,0
570,19,10,3,190,72,16,8,20,30,4,1
571,20,1,1,191,414,4,32,40,20,15,0
572,20,1,2,191,77,2,32,20,30,4,1
573,20,1,3,191,452,16,4,20,30,15,0
574,20,2,1,192,196,16,4,20,30,8,0
575,20,2,2,192,504,16,8,360,30,15,1
576,20,2,3,192,134,4,8,20,20,8,0
577,20,3,1,193,236,16,16,160,30,8,1
578,20,3,2,193,222,4,32,40,30,8,0
579,20,3,3,193,233,2,16,160,30,8,0
580,20,4,1,194,181,2,8,360,20,8,1
581,20,4,2,194,469,2,8,40,30,15,0
582,20,4,3,194,217,2,16,40,30,8,0
583,20,5,1,195,247,8,8,360,30,8,1
584,20,5,2,195,362,4,16,160,30,10,0
585,20,5,3,195,307,8,4,360,20,10,0
586,20,6,1,196,267,8,16,20,20,10,0
587,20,6,2,196,261,2,8,20,20,10,0
588,20,6,3,196,191,8,32,360,20,8,1
589,20,7,1,197,68,16,4,20,30,4,0
590,20,7,2,197,113,2,4,360,30,4,1
591,20,7,3,197,390,4,8,20,20,15,0
592,20,8,1,198,321,2,4,20,30,10,0
593,20,8,2,198,410,4,16,40,20,15,0
594,20,8,3,198,288,16,32,40,20,10,1
595,20,9,1,199,382,4,32,360,30,10,0
596,20,9,2,199,477,2,32,40,30,15,0
597,20,9,3,199,72,16,8,20,30,4,1
598,20,10,1,200,93,2,32,40,30,4,0
599,20,10,2,200,189,2,32,360,20,8,0
600,20,10,3,200,74,4,16,20,30,4,1
601,21,1,1,201,49,2,4,360,20,4,1
602,21,1,2,201,462,4,32,20,30,15,0
603,21,1,3,201,229,2,8,160,30,8,0
604,21,2,1,202,402,4,4,40,20,15,0
605,21,2,2,202,264,16,8,20,20,10,0
606,21,2,3,202,437,2,8,360,20,15,1
607,21,3,1,203,6,4,8,20,20,4,1
608,21,3,2,203,321,2,4,20,30,10,0
609,21,3,3,203,80,16,32,20,30,4,0
610,21,4,1,204,481,2,4,160,30,15,0
611,21,4,2,204,440,16,8,360,20,15,1
612,21,4,3,204,372,16,4,360,30,10,0
613,21,5,1,205,262,4,8,20,20,10,0
614,21,5,2,205,337,2,4,40,30,10,0
615,21,5,3,205,264,16,8,20,20,10,1
616,21,6,1,206,331,8,16,20,30,10,0
617,21,6,2,206,442,4,16,360,20,15,1
618,21,6,3,206,15,8,32,20,20,4,0
619,21,7,1,207,400,16,32,20,20,15,0
620,21,7,2,207,17,2,4,40,20,4,0
621,21,7,3,207,299,8,16,160,20,10,1
622,21,8,1,208,137,2,16,20,20,8,0
623,21,8,2,208,305,2,4,360,20,10,0
624,21,8,3,208,310,4,8,360,20,10,1
625,21,9,1,209,364,16,16,160,30,10,1
626,21,9,2,209,162,4,4,160,20,8,0
627,21,9,3,209,479,8,32,40,30,15,0
628,21,10,1,210,28,16,16,40,20,4,1
629,21,10,2,210,150,4,8,40,20,8,0
630,21,10,3,210,337,2,4,40,30,10,0
631,22,1,1,211,447,8,32,360,20,15,0
632,22,1,2,211,196,16,4,20,30,8,1
633,22,1,3,211,86,4,8,40,30,4,0
634,22,2,1,212,262,4,8,20,20,10,0
635,22,2,2,212,213,2,8,40,30,8,0
636,22,2,3,212,100,16,4,160,30,4,1
637,22,3,1,213,474,4,16,40,30,15,0
638,22,3,2,213,62,4,32,360,20,4,1
639,22,3,3,213,99,8,4,160,30,4,0
640,22,4,1,214,417,2,4,160,20,15,1
641,22,4,2,214,104,16,8,160,30,4,0
642,22,4,3,214,456,16,8,20,30,15,0
643,22,5,1,215,173,2,32,160,20,8,0
644,22,5,2,215,135,8,8,20,20,8,0
645,22,5,3,215,380,16,16,360,30,10,1
646,22,6,1,216,371,8,4,360,30,10,0
647,22,6,2,216,120,16,8,360,30,4,1
648,22,6,3,216,316,16,16,360,20,10,0
649,22,7,1,217,114,4,4,360,30,4,0
650,22,7,2,217,312,16,8,360,20,10,1
651,22,7,3,217,291,8,4,160,20,10,0
652,22,8,1,218,390,4,8,20,20,15,0
653,22,8,2,218,363,8,16,160,30,10,1
654,22,8,3,218,447,8,32,360,20,15,0
655,22,9,1,219,107,8,16,160,30,4,0
656,22,9,2,219,63,8,32,360,20,4,1
657,22,9,3,219,437,2,8,360,20,15,0
658,22,10,1,220,182,4,8,360,20,8,1
659,22,10,2,220,309,2,8,360,20,10,0
660,22,10,3,220,365,2,32,160,30,10,0
661,23,1,1,221,54,4,8,360,20,4,1
662,23,1,2,221,195,8,4,20,30,8,0
663,23,1,3,221,46,4,32,160,20,4,0
664,23,2,1,222,385,2,4,20,20,15,0
665,23,2,2,222,504,16,8,360,30,15,0
666,23,2,3,222,61,2,32,360,20,4,1
667,23,3,1,223,341,2,8,40,30,10,0
668,23,3,2,223,253,2,32,360,30,8,1
669,23,3,3,223,418,4,4,160,20,15,0
670,23,4,1,224,50,4,4,360,20,4,0
671,23,4,2,224,126,4,32,360,30,4,1
672,23,4,3,224,436,16,4,360,20,15,0
673,23,5,1,225,52,16,4,360,20,4,1
674,23,5,2,225,185,2,16,360,20,8,0
675,23,5,3,225,48,16,32,160,20,4,0
676,23,6,1,226,317,2,32,360,20,10,0
677,23,6,2,226,506,4,16,360,30,15,0
678,23,6,3,226,261,2,8,20,20,10,1
679,23,7,1,227,265,2,16,20,20,10,0
680,23,7,2,227,484,16,4,160,30,15,1
681,23,7,3,227,19,8,4,40,20,4,0
682,23,8,1,228,394,4,16,20,20,15,0
683,23,8,2,228,323,8,4,20,30,10,0
684,23,8,3,228,24,16,8,40,20,4,1
685,23,9,1,229,127,8,32,360,30,4,1
686,23,9,2,229,414,4,32,40,20,15,0
687,23,9,3,229,390,4,8,20,20,15,0
688,23,10,1,230,86,4,8,40,30,4,0
689,23,10,2,230,98,4,4,160,30,4,0
690,23,10,3,230,25,2,16,40,20,4,1
691,24,1,1,231,23,8,8,40,20,4,0
692,24,1,2,231,187,8,16,360,20,8,1
693,24,1,3,231,160,16,32,40,20,8,0
694,24,2,1,232,486,4,8,160,30,15,0
695,24,2,2,232,20,16,4,40,20,4,1
696,24,2,3,232,8,16,8,20,20,4,0
697,24,3,1,233,116,16,4,360,30,4,1
698,24,3,2,233,339,8,4,40,30,10,0
699,24,3,3,233,415,8,32,40,20,15,0
700,24,4,1,234,130,4,4,20,20,8,0
701,24,4,2,234,24,16,8,40,20,4,1
702,24,4,3,234,39,8,8,160,20,4,0
703,24,5,1,235,13,2,32,20,20,4,0
704,24,5,2,235,450,4,4,20,30,15,0
705,24,5,3,235,283,8,16,40,20,10,1
706,24,6,1,236,303,8,32,160,20,10,0
707,24,6,2,236,167,8,8,160,20,8,0
708,24,6,3,236,56,16,8,360,20,4,1
709,24,7,1,237,32,16,32,40,20,4,1
710,24,7,2,237,361,2,16,160,30,10,0
711,24,7,3,237,229,2,8,160,30,8,0
712,24,8,1,238,312,16,8,360,20,10,1
713,24,8,2,238,174,4,32,160,20,8,0
714,24,8,3,238,245,2,8,360,30,8,0
715,24,9,1,239,205,2,32,20,30,8,0
716,24,9,2,239,131,8,4,20,20,8,0
717,24,9,3,239,163,8,4,160,20,8,1
718,24,10,1,240,373,2,8,360,30,10,0
719,24,10,2,240,104,16,8,160,30,4,1
720,24,10,3,240,299,8,16,160,20,10,0
721,25,1,1,241,356,16,4,160,30,10,0
722,25,1,2,241,104,16,8,160,30,4,1
723,25,1,3,241,185,2,16,360,20,8,0
724,25,2,1,242,140,16,16,20,20,8,0
725,25,2,2,242,266,4,16,20,20,10,0
726,25,2,3,242,40,16,8,160,20,4,1
727,25,3,1,243,401,2,4,40,20,15,0
728,25,3,2,243,382,4,32,360,30,10,0
729,25,3,3,243,41,2,16,160,20,4,1
730,25,4,1,244,25,2,16,40,20,4,1
731,25,4,2,244,279,8,8,40,20,10,0
732,25,4,3,244,393,2,16,20,20,15,0
733,25,5,1,245,36,16,4,160,20,4,1
734,25,5,2,245,315,8,16,360,20,10,0
735,25,5,3,245,371,8,4,360,30,10,0
736,25,6,1,246,44,16,16,160,20,4,0
737,25,6,2,246,498,4,4,360,30,15,0
738,25,6,3,246,296,16,8,160,20,10,1
739,25,7,1,247,307,8,4,360,20,10,1
740,25,7,2,247,333,2,32,20,30,10,0
741,25,7,3,247,287,8,32,40,20,10,0
742,25,8,1,248,107,8,16,160,30,4,1
743,25,8,2,248,310,4,8,360,20,10,0
744,25,8,3,248,173,2,32,160,20,8,0
745,25,9,1,249,199,8,8,20,30,8,1
746,25,9,2,249,205,2,32,20,30,8,0
747,25,9,3,249,314,4,16,360,20,10,0
748,25,10,1,250,340,16,4,40,30,10,1
749,25,10,2,250,173,2,32,160,20,8,0
750,25,10,3,250,262,4,8,20,20,10,0
751,26,1,1,251,269,2,32,20,20,10,0
752,26,1,2,251,270,4,32,20,20,10,0
753,26,1,3,251,358,4,8,160,30,10,1
754,26,2,1,252,192,16,32,360,20,8,0
755,26,2,2,252,2,4,4,20,20,4,0
756,26,2,3,252,334,4,32,20,30,10,1
757,26,3,1,253,122,4,16,360,30,4,0
758,26,3,2,253,487,8,8,160,30,15,0
759,26,3,3,253,332,16,16,20,30,10,1
760,26,4,1,254,270,4,32,20,20,10,0
761,26,4,2,254,375,8,8,360,30,10,1
762,26,4,3,254,425,2,16,160,20,15,0
763,26,5,1,255,431,8,32,160,20,15,0
764,26,5,2,255,103,8,8,160,30,4,0
765,26,5,3,255,51,8,4,360,20,4,1
766,26,6,1,256,312,16,8,360,20,10,0
767,26,6,2,256,304,16,32,160,20,10,1
768,26,6,3,256,10,4,16,20,20,4,0
769,26,7,1,257,381,2,32,360,30,10,0
770,26,7,2,257,120,16,8,360,30,4,1
771,26,7,3,257,169,2,16,160,20,8,0
772,26,8,1,258,287,8,32,40,20,10,0
773,26,8,2,258,268,16,16,20,20,10,0
774,26,8,3,258,239,8,32,160,30,8,1
775,26,9,1,259,359,8,8,160,30,10,0
776,26,9,2,259,250,4,16,360,30,8,1
777,26,9,3,259,491,8,16,160,30,15,0
778,26,10,1,260,204,16,16,20,30,8,0
779,26,10,2,260,184,16,8,360,20,8,1
780,26,10,3,260,290,4,4,160,20,10,0
781,27,1,1,261,27,8,16,40,20,4,1
782,27,1,2,261,207,8,32,20,30,8,0
783,27,1,3,261,386,4,4,20,20,15,0
784,27,2,1,262,171,8,16,160,20,8,1
785,27,2,2,262,211,8,4,40,30,8,0
786,27,2,3,262,167,8,8,160,20,8,0
787,27,3,1,263,455,8,8,20,30,15,0
788,27,3,2,263,435,8,4,360,20,15,0
789,27,3,3,263,508,16,16,360,30,15,1
790,27,4,1,264,330,4,16,20,30,10,0
791,27,4,2,264,3,8,4,20,20,4,0
792,27,4,3,264,186,4,16,360,20,8,1
793,27,5,1,265,465,2,4,40,30,15,0
794,27,5,2,265,84,16,4,40,30,4,0
795,27,5,3,265,284,16,16,40,20,10,1
796,27,6,1,266,96,16,32,40,30,4,1
797,27,6,2,266,407,8,8,40,20,15,0
798,27,6,3,266,285,2,32,40,20,10,0
799,27,7,1,267,371,8,4,360,30,10,0
800,27,7,2,267,260,16,4,20,20,10,0
801,27,7,3,267,127,8,32,360,30,4,1
802,27,8,1,268,88,16,8,40,30,4,0
803,27,8,2,268,215,8,8,40,30,8,1
804,27,8,3,268,282,4,16,40,20,10,0
805,27,9,1,269,322,4,4,20,30,10,0
806,27,9,2,269,332,16,16,20,30,10,1
807,27,9,3,269,470,4,8,40,30,15,0
808,27,10,1,270,449,2,4,20,30,15,0
809,27,10,2,270,272,16,32,20,20,10,0
810,27,10,3,270,169,2,16,160,20,8,1
811,28,1,1,271,125,2,32,360,30,4,0
812,28,1,2,271,218,4,16,40,30,8,1
813,28,1,3,271,511,8,32,360,30,15,0
814,28,2,1,272,288,16,32,40,20,10,0
815,28,2,2,272,143,8,32,20,20,8,1
816,28,2,3,272,206,4,32,20,30,8,0
817,28,3,1,273,496,16,32,160,30,15,1
818,28,3,2,273,438,4,8,360,20,15,0
819,28,3,3,273,97,2,4,160,30,4,0
820,28,4,1,274,496,16,32,160,30,15,0
821,28,4,2,274,241,2,4,360,30,8,0
822,28,4,3,274,368,16,32,160,30,10,1
823,28,5,1,275,421,2,8,160,20,15,0
824,28,5,2,275,72,16,8,20,30,4,1
825,28,5,3,275,9,2,16,20,20,4,0
826,28,6,1,276,150,4,8,40,20,8,1
827,28,6,2,276,21,2,8,40,20,4,0
828,28,6,3,276,431,8,32,160,20,15,0
829,28,7,1,277,456,16,8,20,30,15,0
830,28,7,2,277,238,4,32,160,30,8,1
831,28,7,3,277,376,16,8,360,30,10,0
832,28,8,1,278,260,16,4,20,20,10,0
833,28,8,2,278,190,4,32,360,20,8,0
834,28,8,3,278,178,4,4,360,20,8,1
835,28,9,1,279,181,2,8,360,20,8,0
836,28,9,2,279,436,16,4,360,20,15,1
837,28,9,3,279,478,4,32,40,30,15,0
838,28,10,1,280,66,4,4,20,30,4,0
839,28,10,2,280,4,16,4,20,20,4,1
840,28,10,3,280,471,8,8,40,30,15,0
841,29,1,1,281,274,4,4,40,20,10,0
842,29,1,2,281,267,8,16,20,20,10,1
843,29,1,3,281,282,4,16,40,20,10,0
844,29,2,1,282,472,16,8,40,30,15,1
845,29,2,2,282,274,4,4,40,20,10,0
846,29,2,3,282,322,4,4,20,30,10,0
847,29,3,1,283,12,16,16,20,20,4,0
848,29,3,2,283,111,8,32,160,30,4,1
849,29,3,3,283,274,4,4,40,20,10,0
850,29,4,1,284,462,4,32,20,30,15,0
851,29,4,2,284,509,2,32,360,30,15,1
852,29,4,3,284,31,8,32,40,20,4,0
853,29,5,1,285,403,8,4,40,20,15,0
854,29,5,2,285,221,2,32,40,30,8,1
855,29,5,3,285,386,4,4,20,20,15,0
856,29,6,1,286,148,16,4,40,20,8,0
857,29,6,2,286,6,4,8,20,20,4,1
858,29,6,3,286,328,16,8,20,30,10,0
859,29,7,1,287,16,16,32,20,20,4,1
860,29,7,2,287,347,8,16,40,30,10,0
861,29,7,3,287,487,8,8,160,30,15,0
862,29,8,1,288,193,2,4,20,30,8,0
863,29,8,2,288,145,2,4,40,20,8,0
864,29,8,3,288,196,16,4,20,30,8,1
865,29,9,1,289,371,8,4,360,30,10,1
866,29,9,2,289,241,2,4,360,30,8,0
867,29,9,3,289,157,2,32,40,20,8,0
868,29,10,1,290,66,4,4,20,30,4,1
869,29,10,2,290,472,16,8,40,30,15,0
870,29,10,3,290,427,8,16,160,20,15,0
871,30,1,1,291,463,8,32,20,30,15,0
872,30,1,2,291,61,2,32,360,20,4,1
873,30,1,3,291,182,4,8,360,20,8,0
874,30,2,1,292,223,8,32,40,30,8,0
875,30,2,2,292,199,8,8,20,30,8,0
876,30,2,3,292,89,2,16,40,30,4,1
877,30,3,1,293,216,16,8,40,30,8,0
878,30,3,2,293,360,16,8,160,30,10,1
879,30,3,3,293,271,8,32,20,20,10,0
880,30,4,1,294,414,4,32,40,20,15,0
881,30,4,2,294,247,8,8,360,30,8,1
882,30,4,3,294,436,16,4,360,20,15,0
883,30,5,1,295,150,4,8,40,20,8,0
884,30,5,2,295,328,16,8,20,30,10,1
885,30,5,3,295,419,8,4,160,20,15,0
886,30,6,1,296,433,2,4,360,20,15,0
887,30,6,2,296,164,16,4,160,20,8,0
888,30,6,3,296,124,16,16,360,30,4,1
889,30,7,1,297,31,8,32,40,20,4,0
890,30,7,2,297,210,4,4,40,30,8,1
891,30,7,3,297,70,4,8,20,30,4,0
892,30,8,1,298,460,16,16,20,30,15,1
893,30,8,2,298,494,4,32,160,30,15,0
894,30,8,3,298,59,8,16,360,20,4,0
895,30,9,1,299,210,4,4,40,30,8,0
896,30,9,2,299,302,4,32,160,20,10,0
897,30,9,3,299,44,16,16,160,20,4,1
898,30,10,1,300,334,4,32,20,30,10,0
899,30,10,2,300,397,2,32,20,20,15,0
900,30,10,3,300,38,4,8,160,20,4,1
901,31,1,1,301,214,4,8,40,30,8,0
902,31,1,2,301,352,16,32,40,30,10,0
903,31,1,3,301,124,16,16,360,30,4,1
904,31,2,1,302,373,2,8,360,30,10,0
905,31,2,2,302,222,4,32,40,30,8,1
906,31,2,3,302,286,4,32,40,20,10,0
907,31,3,1,303,160,16,32,40,20,8,1
908,31,3,2,303,222,4,32,40,30,8,0
909,31,3,3,303,386,4,4,20,20,15,0
910,31,4,1,304,226,4,4,160,30,8,1
911,31,4,2,304,205,2,32,20,30,8,0
912,31,4,3,304,161,2,4,160,20,8,0
913,31,5,1,305,349,2,32,40,30,10,0
914,31,5,2,305,151,8,8,40,20,8,1
915,31,5,3,305,371,8,4,360,30,10,0
916,31,6,1,306,427,8,16,160,20,15,0
917,31,6,2,306,402,4,4,40,20,15,0
918,31,6,3,306,105,2,16,160,30,4,1
919,31,7,1,307,264,16,8,20,20,10,0
920,31,7,2,307,270,4,32,20,20,10,0
921,31,7,3,307,124,16,16,360,30,4,1
922,31,8,1,308,82,4,4,40,30,4,0
923,31,8,2,308,399,8,32,20,20,15,0
924,31,8,3,308,228,16,4,160,30,8,1
925,31,9,1,309,343,8,8,40,30,10,1
926,31,9,2,309,387,8,4,20,20,15,0
927,31,9,3,309,391,8,8,20,20,15,0
928,31,10,1,310,134,4,8,20,20,8,0
929,31,10,2,310,102,4,8,160,30,4,1
930,31,10,3,310,130,4,4,20,20,8,0
931,32,1,1,311,36,16,4,160,20,4,1
932,32,1,2,311,452,16,4,20,30,15,0
933,32,1,3,311,292,16,4,160,20,10,0
934,32,2,1,312,239,8,32,160,30,8,1
935,32,2,2,312,219,8,16,40,30,8,0
936,32,2,3,312,281,2,16,40,20,10,0
937,32,3,1,313,326,4,8,20,30,10,0
938,32,3,2,313,290,4,4,160,20,10,0
939,32,3,3,313,374,4,8,360,30,10,1
940,32,4,1,314,69,2,8,20,30,4,0
941,32,4,2,314,234,4,16,160,30,8,0
942,32,4,3,314,187,8,16,360,20,8,1
943,32,5,1,315,36,16,4,160,20,4,1
944,32,5,2,315,428,16,16,160,20,15,0
945,32,5,3,315,230,4,8,160,30,8,0
946,32,6,1,316,170,4,16,160,20,8,1
947,32,6,2,316,222,4,32,40,30,8,0
948,32,6,3,316,284,16,16,40,20,10,0
949,32,7,1,317,473,2,16,40,30,15,0
950,32,7,2,317,370,4,4,360,30,10,0
951,32,7,3,317,267,8,16,20,20,10,1
952,32,8,1,318,89,2,16,40,30,4,0
953,32,8,2,318,511,8,32,360,30,15,0
954,32,8,3,318,80,16,32,20,30,4,1
955,32,9,1,319,168,16,8,160,20,8,1
956,32,9,2,319,363,8,16,160,30,10,0
957,32,9,3,319,87,8,8,40,30,4,0
958,32,10,1,320,360,16,8,160,30,10,1
959,32,10,2,320,317,2,32,360,20,10,0
960,32,10,3,320,124,16,16,360,30,4,0
961,33,1,1,321,362,4,16,160,30,10,1
962,33,1,2,321,499,8,4,360,30,15,0
963,33,1,3,321,470,4,8,40,30,15,0
964,33,2,1,322,274,4,4,40,20,10,0
965,33,2,2,322,183,8,8,360,20,8,0
966,33,2,3,322,256,16,32,360,30,8,1
967,33,3,1,323,498,4,4,360,30,15,0
968,33,3,2,323,396,16,16,20,20,15,1
969,33,3,3,323,375,8,8,360,30,10,0
970,33,4,1,324,342,4,8,40,30,10,0
971,33,4,2,324,394,4,16,20,20,15,0
972,33,4,3,324,191,8,32,360,20,8,1
973,33,5,1,325,327,8,8,20,30,10,0
974,33,5,2,325,105,2,16,160,30,4,1
975,33,5,3,325,446,4,32,360,20,15,0
976,33,6,1,326,454,4,8,20,30,15,0
977,33,6,2,326,425,2,16,160,20,15,0
978,33,6,3,326,264,16,8,20,20,10,1
979,33,7,1,327,460,16,16,20,30,15,0
980,33,7,2,327,314,4,16,360,20,10,1
981,33,7,3,327,95,8,32,40,30,4,0
982,33,8,1,328,380,16,16,360,30,10,1
983,33,8,2,328,418,4,4,160,20,15,0
984,33,8,3,328,468,16,4,40,30,15,0
985,33,9,1,329,362,4,16,160,30,10,1
986,33,9,2,329,331,8,16,20,30,10,0
987,33,9,3,329,396,16,16,20,20,15,0
988,33,10,1,330,112,16,32,160,30,4,1
989,33,10,2,330,321,2,4,20,30,10,0
990,33,10,3,330,12,16,16,20,20,4,0
991,34,1,1,331,343,8,8,40,30,10,0
992,34,1,2,331,464,16,32,20,30,15,0
993,34,1,3,331,104,16,8,160,30,4,1
994,34,2,1,332,317,2,32,360,20,10,1
995,34,2,2,332,406,4,8,40,20,15,0
996,34,2,3,332,430,4,32,160,20,15,0
997,34,3,1,333,379,8,16,360,30,10,0
998,34,3,2,333,167,8,8,160,20,8,0
999,34,3,3,333,114,4,4,360,30,4,1
1000,34,4,1,334,343,8,8,40,30,10,0
1001,34,4,2,334,236,16,16,160,30,8,1
1002,34,4,3,334,66,4,4,20,30,4,0
1003,34,5,1,335,232,16,8,160,30,8,0
1004,34,5,2,335,450,4,4,20,30,15,0
1005,34,5,3,335,485,2,8,160,30,15,1
1006,34,6,1,336,276,16,4,40,20,10,0
1007,34,6,2,336,250,4,16,360,30,8,1
1008,34,6,3,336,480,16,32,40,30,15,0
1009,34,7,1,337,59,8,16,360,20,4,1
1010,34,7,2,337,494,4,32,160,30,15,0
1011,34,7,3,337,12,16,16,20,20,4,0
1012,34,8,1,338,346,4,16,40,30,10,0
1013,34,8,2,338,340,16,4,40,30,10,0
1014,34,8,3,338,242,4,4,360,30,8,1
1015,34,9,1,339,383,8,32,360,30,10,1
1016,34,9,2,339,286,4,32,40,20,10,0
1017,34,9,3,339,208,16,32,20,30,8,0
1018,34,10,1,340,412,16,16,40,20,15,0
1019,34,10,2,340,188,16,16,360,20,8,1
1020,34,10,3,340,392,16,8,20,20,15,0
1021,35,1,1,341,153,2,16,40,20,8,0
1022,35,1,2,341,433,2,4,360,20,15,1
1023,35,1,3,341,200,16,8,20,30,8,0
1024,35,2,1,342,100,16,4,160,30,4,1
1025,35,2,2,342,395,8,16,20,20,15,0
1026,35,2,3,342,82,4,4,40,30,4,0
1027,35,3,1,343,71,8,8,20,30,4,0
1028,35,3,2,343,299,8,16,160,20,10,0
1029,35,3,3,343,163,8,4,160,20,8,1
1030,35,4,1,344,259,8,4,20,20,10,0
1031,35,4,2,344,444,16,16,360,20,15,0
1032,35,4,3,344,258,4,4,20,20,10,1
1033,35,5,1,345,116,16,4,360,30,4,1
1034,35,5,2,345,387,8,4,20,20,15,0
1035,35,5,3,345,158,4,32,40,20,8,0
1036,35,6,1,346,430,4,32,160,20,15,0
1037,35,6,2,346,112,16,32,160,30,4,1
1038,35,6,3,346,431,8,32,160,20,15,0
1039,35,7,1,347,133,2,8,20,20,8,0
1040,35,7,2,347,364,16,16,160,30,10,1
1041,35,7,3,347,65,2,4,20,30,4,0
1042,35,8,1,348,395,8,16,20,20,15,0
1043,35,8,2,348,18,4,4,40,20,4,1
1044,35,8,3,348,454,4,8,20,30,15,0
1045,35,9,1,349,171,8,16,160,20,8,0
1046,35,9,2,349,52,16,4,360,20,4,1
1047,35,9,3,349,122,4,16,360,30,4,0
1048,35,10,1,350,349,2,32,40,30,10,0
1049,35,10,2,350,411,8,16,40,20,15,0
1050,35,10,3,350,279,8,8,40,20,10,1
1051,36,1,1,351,453,2,8,20,30,15,0
1052,36,1,2,351,58,4,16,360,20,4,1
1053,36,1,3,351,349,2,32,40,30,10,0
1054,36,2,1,352,366,4,32,160,30,10,0
1055,36,2,2,352,277,2,8,40,20,10,0
1056,36,2,3,352,314,4,16,360,20,10,1
1057,36,3,1,353,42,4,16,160,20,4,1
1058,36,3,2,353,167,8,8,160,20,8,0
1059,36,3,3,353,412,16,16,40,20,15,0
1060,36,4,1,354,50,4,4,360,20,4,1
1061,36,4,2,354,399,8,32,20,20,15,0
1062,36,4,3,354,230,4,8,160,30,8,0
1063,36,5,1,355,50,4,4,360,20,4,1
1064,36,5,2,355,492,16,16,160,30,15,0
1065,36,5,3,355,503,8,8,360,30,15,0
1066,36,6,1,356,270,4,32,20,20,10,0
1067,36,6,2,356,342,4,8,40,30,10,1
1068,36,6,3,356,468,16,4,40,30,15,0
1069,36,7,1,357,101,2,8,160,30,4,1
1070,36,7,2,357,74,4,16,20,30,4,0
1071,36,7,3,357,257,2,4,20,20,10,0
1072,36,8,1,358,34,4,4,160,20,4,0
1073,36,8,2,358,184,16,8,360,20,8,1
1074,36,8,3,358,89,2,16,40,30,4,0
1075,36,9,1,359,150,4,8,40,20,8,0
1076,36,9,2,359,268,16,16,20,20,10,0
1077,36,9,3,359,364,16,16,160,30,10,1
1078,36,10,1,360,146,4,4,40,20,8,0
1079,36,10,2,360,187,8,16,360,20,8,1
1080,36,10,3,360,458,4,16,20,30,15,0
1081,37,1,1,361,435,8,4,360,20,15,0
1082,37,1,2,361,458,4,16,20,30,15,0
1083,37,1,3,361,54,4,8,360,20,4,1
1084,37,2,1,362,180,16,4,360,20,8,0
1085,37,2,2,362,59,8,16,360,20,4,1
1086,37,2,3,362,399,8,32,20,20,15,0
1087,37,3,1,363,140,16,16,20,20,8,1
1088,37,3,2,363,82,4,4,40,30,4,0
1089,37,3,3,363,462,4,32,20,30,15,0
1090,37,4,1,364,112,16,32,160,30,4,1
1091,37,4,2,364,13,2,32,20,20,4,0
1092,37,4,3,364,465,2,4,40,30,15,0
1093,37,5,1,365,185,2,16,360,20,8,1
1094,37,5,2,365,468,16,4,40,30,15,0
1095,37,5,3,365,143,8,32,20,20,8,0
1096,37,6,1,366,146,4,4,40,20,8,1
1097,37,6,2,366,490,4,16,160,30,15,0
1098,37,6,3,366,425,2,16,160,20,15,0
1099,37,7,1,367,429,2,32,160,20,15,0
1100,37,7,2,367,363,8,16,160,30,10,0
1101,37,7,3,367,117,2,8,360,30,4,1
1102,37,8,1,368,310,4,8,360,20,10,0
1103,37,8,2,368,223,8,32,40,30,8,1
1104,37,8,3,368,507,8,16,360,30,15,0
1105,37,9,1,369,198,4,8,20,30,8,1
1106,37,9,2,369,413,2,32,40,20,15,0
1107,37,9,3,369,12,16,16,20,20,4,0
1108,37,10,1,370,206,4,32,20,30,8,0
1109,37,10,2,370,234,4,16,160,30,8,1
1110,37,10,3,370,136,16,8,20,20,8,0
1111,38,1,1,371,410,4,16,40,20,15,0
1112,38,1,2,371,371,8,4,360,30,10,0
1113,38,1,3,371,180,16,4,360,20,8,1
1114,38,2,1,372,386,4,4,20,20,15,0
1115,38,2,2,372,402,4,4,40,20,15,0
1116,38,2,3,372,289,2,4,160,20,10,1
1117,38,3,1,373,236,16,16,160,30,8,1
1118,38,3,2,373,391,8,8,20,20,15,0
1119,38,3,3,373,241,2,4,360,30,8,0
1120,38,4,1,374,266,4,16,20,20,10,0
1121,38,4,2,374,164,16,4,160,20,8,1
1122,38,4,3,374,162,4,4,160,20,8,0
1123,38,5,1,375,509,2,32,360,30,15,0
1124,38,5,2,375,263,8,8,20,20,10,1
1125,38,5,3,375,457,2,16,20,30,15,0
1126,38,6,1,376,16,16,32,20,20,4,1
1127,38,6,2,376,325,2,8,20,30,10,0
1128,38,6,3,376,463,8,32,20,30,15,0
1129,38,7,1,377,146,4,4,40,20,8,0
1130,38,7,2,377,355,8,4,160,30,10,0
1131,38,7,3,377,236,16,16,160,30,8,1
1132,38,8,1,378,451,8,4,20,30,15,0
1133,38,8,2,378,170,4,16,160,20,8,0
1134,38,8,3,378,260,16,4,20,20,10,1
1135,38,9,1,379,373,2,8,360,30,10,0
1136,38,9,2,379,506,4,16,360,30,15,0
1137,38,9,3,379,163,8,4,160,20,8,1
1138,38,10,1,380,296,16,8,160,20,10,0
1139,38,10,2,380,266,4,16,20,20,10,0
1140,38,10,3,380,19,8,4,40,20,4,1
1141,39,1,1,381,384,16,32,360,30,10,0
1142,39,1,2,381,204,16,16,20,30,8,1
1143,39,1,3,381,467,8,4,40,30,15,0
1144,39,2,1,382,245,2,8,360,30,8,0
1145,39,2,2,382,164,16,4,160,20,8,0
1146,39,2,3,382,103,8,8,160,30,4,1
1147,39,3,1,383,164,16,4,160,20,8,1
1148,39,3,2,383,98,4,4,160,30,4,0
1149,39,3,3,383,227,8,4,160,30,8,0
1150,39,4,1,384,327,8,8,20,30,10,0
1151,39,4,2,384,299,8,16,160,20,10,1
1152,39,4,3,384,436,16,4,360,20,15,0
1153,39,5,1,385,8,16,8,20,20,4,0
1154,39,5,2,385,229,2,8,160,30,8,1
1155,39,5,3,385,287,8,32,40,20,10,0
1156,39,6,1,386,6,4,8,20,20,4,1
1157,39,6,2,386,137,2,16,20,20,8,0
1158,39,6,3,386,229,2,8,160,30,8,0
1159,39,7,1,387,504,16,8,360,30,15,0
1160,39,7,2,387,364,16,16,160,30,10,1
1161,39,7,3,387,208,16,32,20,30,8,0
1162,39,8,1,388,498,4,4,360,30,15,0
1163,39,8,2,388,332,16,16,20,30,10,0
1164,39,8,3,388,56,16,8,360,20,4,1
1165,39,9,1,389,51,8,4,360,20,4,1
1166,39,9,2,389,394,4,16,20,20,15,0
1167,39,9,3,389,276,16,4,40,20,10,0
1168,39,10,1,390,198,4,8,20,30,8,0
1169,39,10,2,390,278,4,8,40,20,10,0
1170,39,10,3,390,11,8,16,20,20,4,1
1171,40,1,1,391,342,4,8,40,30,10,0
1172,40,1,2,391,145,2,4,40,20,8,0
1173,40,1,3,391,28,16,16,40,20,4,1
1174,40,2,1,392,381,2,32,360,30,10,0
1175,40,2,2,392,234,4,16,160,30,8,0
1176,40,2,3,392,187,8,16,360,20,8,1
1177,40,3,1,393,312,16,8,360,20,10,1
1178,40,3,2,393,492,16,16,160,30,15,0
1179,40,3,3,393,454,4,8,20,30,15,0
1180,40,4,1,394,386,4,4,20,20,15,0
1181,40,4,2,394,89,2,16,40,30,4,1
1182,40,4,3,394,140,16,16,20,20,8,0
1183,40,5,1,395,85,2,8,40,30,4,0
1184,40,5,2,395,446,4,32,360,20,15,0
1185,40,5,3,395,120,16,8,360,30,4,1
1186,40,6,1,396,5,2,8,20,20,4,0
1187,40,6,2,396,41,2,16,160,20,4,1
1188,40,6,3,396,361,2,16,160,30,10,0
1189,40,7,1,397,296,16,8,160,20,10,1
1190,40,7,2,397,162,4,4,160,20,8,0
1191,40,7,3,397,105,2,16,160,30,4,0
1192,40,8,1,398,58,4,16,360,20,4,1
1193,40,8,2,398,256,16,32,360,30,8,0
1194,40,8,3,398,479,8,32,40,30,15,0
1195,40,9,1,399,208,16,32,20,30,8,0
1196,40,9,2,399,98,4,4,160,30,4,1
1197,40,9,3,399,19,8,4,40,20,4,0
1198,40,10,1,400,334,4,32,20,30,10,0
1199,40,10,2,400,492,16,16,160,30,15,1
1200,40,10,3,400,401,2,4,40,20,15,0
1201,41,1,1,401,232,16,8,160,30,8,1
1202,41,1,2,401,101,2,8,160,30,4,0
1203,41,1,3,401,217,2,16,40,30,8,0
1204,41,2,1,402,369,2,4,360,30,10,1
1205,41,2,2,402,238,4,32,160,30,8,0
1206,41,2,3,402,432,16,32,160,20,15,0
1207,41,3,1,403,147,8,4,40,20,8,1
1208,41,3,2,403,326,4,8,20,30,10,0
1209,41,3,3,403,411,8,16,40,20,15,0
1210,41,4,1,404,411,8,16,40,20,15,0
1211,41,4,2,404,47,8,32,160,20,4,1
1212,41,4,3,404,148,16,4,40,20,8,0
1213,41,5,1,405,412,16,16,40,20,15,0
1214,41,5,2,405,252,16,16,360,30,8,1
1215,41,5,3,405,493,2,32,160,30,15,0
1216,41,6,1,406,385,2,4,20,20,15,0
1217,41,6,2,406,467,8,4,40,30,15,0
1218,41,6,3,406,307,8,4,360,20,10,1
1219,41,7,1,407,349,2,32,40,30,10,0
1220,41,7,2,407,181,2,8,360,20,8,0
1221,41,7,3,407,186,4,16,360,20,8,1
1222,41,8,1,408,60,16,16,360,20,4,1
1223,41,8,2,408,399,8,32,20,20,15,0
1224,41,8,3,408,122,4,16,360,30,4,0
1225,41,9,1,409,253,2,32,360,30,8,0
1226,41,9,2,409,135,8,8,20,20,8,0
1227,41,9,3,409,175,8,32,160,20,8,1
1228,41,10,1,410,435,8,4,360,20,15,0
1229,41,10,2,410,62,4,32,360,20,4,1
1230,41,10,3,410,95,8,32,40,30,4,0
1231,42,1,1,411,327,8,8,20,30,10,0
1232,42,1,2,411,121,2,16,360,30,4,0
1233,42,1,3,411,58,4,16,360,20,4,1
1234,42,2,1,412,316,16,16,360,20,10,1
1235,42,2,2,412,222,4,32,40,30,8,0
1236,42,2,3,412,462,4,32,20,30,15,0
1237,42,3,1,413,446,4,32,360,20,15,0
1238,42,3,2,413,1,2,4,20,20,4,0
1239,42,3,3,413,223,8,32,40,30,8,1
1240,42,4,1,414,400,16,32,20,20,15,0
1241,42,4,2,414,75,8,16,20,30,4,1
1242,42,4,3,414,148,16,4,40,20,8,0
1243,42,5,1,415,284,16,16,40,20,10,0
1244,42,5,2,415,8,16,8,20,20,4,0
1245,42,5,3,415,383,8,32,360,30,10,1
1246,42,6,1,416,17,2,4,40,20,4,0
1247,42,6,2,416,188,16,16,360,20,8,1
1248,42,6,3,416,457,2,16,20,30,15,0
1249,42,7,1,417,472,16,8,40,30,15,0
1250,42,7,2,417,320,16,32,360,20,10,1
1251,42,7,3,417,505,2,16,360,30,15,0
1252,42,8,1,418,77,2,32,20,30,4,0
1253,42,8,2,418,71,8,8,20,30,4,0
1254,42,8,3,418,100,16,4,160,30,4,1
1255,42,9,1,419,332,16,16,20,30,10,0
1256,42,9,2,419,226,4,4,160,30,8,1
1257,42,9,3,419,146,4,4,40,20,8,0
1258,42,10,1,420,106,4,16,160,30,4,0
1259,42,10,2,420,256,16,32,360,30,8,1
1260,42,10,3,420,326,4,8,20,30,10,0
1261,43,1,1,421,332,16,16,20,30,10,0
1262,43,1,2,421,318,4,32,360,20,10,0
1263,43,1,3,421,182,4,8,360,20,8,1
1264,43,2,1,422,253,2,32,360,30,8,0
1265,43,2,2,422,414,4,32,40,20,15,0
1266,43,2,3,422,4,16,4,20,20,4,1
1267,43,3,1,423,147,8,4,40,20,8,0
1268,43,3,2,423,508,16,16,360,30,15,1
1269,43,3,3,423,354,4,4,160,30,10,0
1270,43,4,1,424,146,4,4,40,20,8,0
1271,43,4,2,424,55,8,8,360,20,4,1
1272,43,4,3,424,495,8,32,160,30,15,0
1273,43,5,1,425,331,8,16,20,30,10,0
1274,43,5,2,425,179,8,4,360,20,8,1
1275,43,5,3,425,221,2,32,40,30,8,0
1276,43,6,1,426,278,4,8,40,20,10,0
1277,43,6,2,426,493,2,32,160,30,15,0
1278,43,6,3,426,18,4,4,40,20,4,1
1279,43,7,1,427,91,8,16,40,30,4,0
1280,43,7,2,427,440,16,8,360,20,15,0
1281,43,7,3,427,36,16,4,160,20,4,1
1282,43,8,1,428,379,8,16,360,30,10,0
1283,43,8,2,428,488,16,8,160,30,15,0
1284,43,8,3,428,191,8,32,360,20,8,1
1285,43,9,1,429,173,2,32,160,20,8,0
1286,43,9,2,429,387,8,4,20,20,15,0
1287,43,9,3,429,76,16,16,20,30,4,1
1288,43,10,1,430,198,4,8,20,30,8,0
1289,43,10,2,430,509,2,32,360,30,15,1
1290,43,10,3,430,70,4,8,20,30,4,0
1291,44,1,1,431,41,2,16,160,20,4,0
1292,44,1,2,431,220,16,16,40,30,8,1
1293,44,1,3,431,153,2,16,40,20,8,0
1294,44,2,1,432,344,16,8,40,30,10,0
1295,44,2,2,432,116,16,4,360,30,4,1
1296,44,2,3,432,21,2,8,40,20,4,0
1297,44,3,1,433,458,4,16,20,30,15,0
1298,44,3,2,433,297,2,16,160,20,10,1
1299,44,3,3,433,254,4,32,360,30,8,0
1300,44,4,1,434,89,2,16,40,30,4,1
1301,44,4,2,434,469,2,8,40,30,15,0
1302,44,4,3,434,257,2,4,20,20,10,0
1303,44,5,1,435,417,2,4,160,20,15,0
1304,44,5,2,435,50,4,4,360,20,4,1
1305,44,5,3,435,242,4,4,360,30,8,0
1306,44,6,1,436,32,16,32,40,20,4,1
1307,44,6,2,436,350,4,32,40,30,10,0
1308,44,6,3,436,267,8,16,20,20,10,0
1309,44,7,1,437,366,4,32,160,30,10,1
1310,44,7,2,437,465,2,4,40,30,15,0
1311,44,7,3,437,90,4,16,40,30,4,0
1312,44,8,1,438,386,4,4,20,20,15,0
1313,44,8,2,438,371,8,4,360,30,10,1
1314,44,8,3,438,141,2,32,20,20,8,0
1315,44,9,1,439,506,4,16,360,30,15,0
1316,44,9,2,439,364,16,16,160,30,10,1
1317,44,9,3,439,385,2,4,20,20,15,0
1318,44,10,1,440,172,16,16,160,20,8,1
1319,44,10,2,440,204,16,16,20,30,8,0
1320,44,10,3,440,442,4,16,360,20,15,0
1321,45,1,1,441,265,2,16,20,20,10,0
1322,45,1,2,441,266,4,16,20,20,10,0
1323,45,1,3,441,502,4,8,360,30,15,1
1324,45,2,1,442,22,4,8,40,20,4,0
1325,45,2,2,442,98,4,4,160,30,4,1
1326,45,2,3,442,174,4,32,160,20,8,0
1327,45,3,1,443,127,8,32,360,30,4,1
1328,45,3,2,443,407,8,8,40,20,15,0
1329,45,3,3,443,143,8,32,20,20,8,0
1330,45,4,1,444,145,2,4,40,20,8,0
1331,45,4,2,444,258,4,4,20,20,10,0
1332,45,4,3,444,356,16,4,160,30,10,1
1333,45,5,1,445,44,16,16,160,20,4,1
1334,45,5,2,445,373,2,8,360,30,10,0
1335,45,5,3,445,36,16,4,160,20,4,0
1336,45,6,1,446,1,2,4,20,20,4,0
1337,45,6,2,446,41,2,16,160,20,4,1
1338,45,6,3,446,267,8,16,20,20,10,0
1339,45,7,1,447,155,8,16,40,20,8,1
1340,45,7,2,447,121,2,16,360,30,4,0
1341,45,7,3,447,356,16,4,160,30,10,0
1342,45,8,1,448,123,8,16,360,30,4,1
1343,45,8,2,448,452,16,4,20,30,15,0
1344,45,8,3,448,101,2,8,160,30,4,0
1345,45,9,1,449,206,4,32,20,30,8,0
1346,45,9,2,449,69,2,8,20,30,4,0
1347,45,9,3,449,176,16,32,160,20,8,1
1348,45,10,1,450,118,4,8,360,30,4,1
1349,45,10,2,450,332,16,16,20,30,10,0
1350,45,10,3,450,34,4,4,160,20,4,0
1351,46,1,1,451,109,2,32,160,30,4,1
1352,46,1,2,451,6,4,8,20,20,4,0
1353,46,1,3,451,246,4,8,360,30,8,0
1354,46,2,1,452,457,2,16,20,30,15,0
1355,46,2,2,452,7,8,8,20,20,4,1
1356,46,2,3,452,74,4,16,20,30,4,0
1357,46,3,1,453,315,8,16,360,20,10,1
1358,46,3,2,453,433,2,4,360,20,15,0
1359,46,3,3,453,193,2,4,20,30,8,0
1360,46,4,1,454,439,8,8,360,20,15,0
1361,46,4,2,454,455,8,8,20,30,15,0
1362,46,4,3,454,446,4,32,360,20,15,1
1363,46,5,1,455,262,4,8,20,20,10,0
1364,46,5,2,455,225,2,4,160,30,8,0
1365,46,5,3,455,447,8,32,360,20,15,1
1366,46,6,1,456,488,16,8,160,30,15,1
1367,46,6,2,456,441,2,16,360,20,15,0
1368,46,6,3,456,86,4,8,40,30,4,0
1369,46,7,1,457,320,16,32,360,20,10,1
1370,46,7,2,457,400,16,32,20,20,15,0
1371,46,7,3,457,414,4,32,40,20,15,0
1372,46,8,1,458,140,16,16,20,20,8,0
1373,46,8,2,458,256,16,32,360,30,8,0
1374,46,8,3,458,108,16,16,160,30,4,1
1375,46,9,1,459,12,16,16,20,20,4,1
1376,46,9,2,459,154,4,16,40,20,8,0
1377,46,9,3,459,281,2,16,40,20,10,0
1378,46,10,1,460,203,8,16,20,30,8,0
1379,46,10,2,460,343,8,8,40,30,10,0
1380,46,10,3,460,128,16,32,360,30,4,1
1381,47,1,1,461,397,2,32,20,20,15,0
1382,47,1,2,461,316,16,16,360,20,10,1
1383,47,1,3,461,273,2,4,40,20,10,0
1384,47,2,1,462,12,16,16,20,20,4,1
1385,47,2,2,462,150,4,8,40,20,8,0
1386,47,2,3,462,327,8,8,20,30,10,0
1387,47,3,1,463,400,16,32,20,20,15,0
1388,47,3,2,463,93,2,32,40,30,4,0
1389,47,3,3,463,177,2,4,360,20,8,1
1390,47,4,1,464,321,2,4,20,30,10,0
1391,47,4,2,464,399,8,32,20,20,15,0
1392,47,4,3,464,95,8,32,40,30,4,1
1393,47,5,1,465,440,16,8,360,20,15,0
1394,47,5,2,465,489,2,16,160,30,15,0
1395,47,5,3,465,253,2,32,360,30,8,1
1396,47,6,1,466,379,8,16,360,30,10,0
1397,47,6,2,466,250,4,16,360,30,8,0
1398,47,6,3,466,40,16,8,160,20,4,1
1399,47,7,1,467,42,4,16,160,20,4,0
1400,47,7,2,467,243,8,4,360,30,8,0
1401,47,7,3,467,96,16,32,40,30,4,1
1402,47,8,1,468,451,8,4,20,30,15,0
1403,47,8,2,468,292,16,4,160,20,10,1
1404,47,8,3,468,433,2,4,360,20,15,0
1405,47,9,1,469,124,16,16,360,30,4,1
1406,47,9,2,469,69,2,8,20,30,4,0
1407,47,9,3,469,197,2,8,20,30,8,0
1408,47,10,1,470,65,2,4,20,30,4,0
1409,47,10,2,470,251,8,16,360,30,8,1
1410,47,10,3,470,454,4,8,20,30,15,0
1411,48,1,1,471,474,4,16,40,30,15,0
1412,48,1,2,471,346,4,16,40,30,10,0
1413,48,1,3,471,430,4,32,160,20,15,1
1414,48,2,1,472,421,2,8,160,20,15,0
1415,48,2,2,472,165,2,8,160,20,8,1
1416,48,2,3,472,345,2,16,40,30,10,0
1417,48,3,1,473,491,8,16,160,30,15,0
1418,48,3,2,473,234,4,16,160,30,8,0
1419,48,3,3,473,180,16,4,360,20,8,1
1420,48,4,1,474,161,2,4,160,20,8,0
1421,48,4,2,474,4,16,4,20,20,4,0
1422,48,4,3,474,255,8,32,360,30,8,1
1423,48,5,1,475,245,2,8,360,30,8,0
1424,48,5,2,475,363,8,16,160,30,10,0
1425,48,5,3,475,95,8,32,40,30,4,1
1426,48,6,1,476,182,4,8,360,20,8,1
1427,48,6,2,476,356,16,4,160,30,10,0
1428,48,6,3,476,71,8,8,20,30,4,0
1429,48,7,1,477,331,8,16,20,30,10,0
1430,48,7,2,477,373,2,8,360,30,10,0
1431,48,7,3,477,24,16,8,40,20,4,1
1432,48,8,1,478,17,2,4,40,20,4,0
1433,48,8,2,478,327,8,8,20,30,10,0
1434,48,8,3,478,128,16,32,360,30,4,1
1435,48,9,1,479,87,8,8,40,30,4,0
1436,48,9,2,479,385,2,4,20,20,15,0
1437,48,9,3,479,166,4,8,160,20,8,1
1438,48,10,1,480,401,2,4,40,20,15,0
1439,48,10,2,480,106,4,16,160,30,4,0
1440,48,10,3,480,11,8,16,20,20,4,1
1441,49,1,1,481,244,16,4,360,30,8,1
1442,49,1,2,481,121,2,16,360,30,4,0
1443,49,1,3,481,167,8,8,160,20,8,0
1444,49,2,1,482,445,2,32,360,20,15,0
1445,49,2,2,482,6,4,8,20,20,4,0
1446,49,2,3,482,498,4,4,360,30,15,1
1447,49,3,1,483,195,8,4,20,30,8,0
1448,49,3,2,483,359,8,8,160,30,10,1
1449,49,3,3,483,501,2,8,360,30,15,0
1450,49,4,1,484,98,4,4,160,30,4,1
1451,49,4,2,484,90,4,16,40,30,4,0
1452,49,4,3,484,130,4,4,20,20,8,0
1453,49,5,1,485,144,16,32,20,20,8,0
1454,49,5,2,485,207,8,32,20,30,8,0
1455,49,5,3,485,20,16,4,40,20,4,1
1456,49,6,1,486,241,2,4,360,30,8,1
1457,49,6,2,486,144,16,32,20,20,8,0
1458,49,6,3,486,159,8,32,40,20,8,0
1459,49,7,1,487,96,16,32,40,30,4,0
1460,49,7,2,487,406,4,8,40,20,15,0
1461,49,7,3,487,364,16,16,160,30,10,1
1462,49,8,1,488,50,4,4,360,20,4,1
1463,49,8,2,488,25,2,16,40,20,4,0
1464,49,8,3,488,139,8,16,20,20,8,0
1465,49,9,1,489,217,2,16,40,30,8,0
1466,49,9,2,489,196,16,4,20,30,8,1
1467,49,9,3,489,129,2,4,20,20,8,0
1468,49,10,1,490,489,2,16,160,30,15,0
1469,49,10,2,490,326,4,8,20,30,10,0
1470,49,10,3,490,187,8,16,360,20,8,1
1471,50,1,1,491,87,8,8,40,30,4,0
1472,50,1,2,491,48,16,32,160,20,4,1
1473,50,1,3,491,292,16,4,160,20,10,0
1474,50,2,1,492,208,16,32,20,30,8,1
1475,50,2,2,492,305,2,4,360,20,10,0
1476,50,2,3,492,444,16,16,360,20,15,0
1477,50,3,1,493,292,16,4,160,20,10,0
1478,50,3,2,493,367,8,32,160,30,10,1
1479,50,3,3,493,372,16,4,360,30,10,0
1480,50,4,1,494,240,16,32,160,30,8,1
1481,50,4,2,494,421,2,8,160,20,15,0
1482,50,4,3,494,354,4,4,160,30,10,0
1483,50,5,1,495,473,2,16,40,30,15,0
1484,50,5,2,495,402,4,4,40,20,15,0
1485,50,5,3,495,359,8,8,160,30,10,1
1486,50,6,1,496,205,2,32,20,30,8,0
1487,50,6,2,496,375,8,8,360,30,10,1
1488,50,6,3,496,461,2,32,20,30,15,0
1489,50,7,1,497,512,16,32,360,30,15,1
1490,50,7,2,497,371,8,4,360,30,10,0
1491,50,7,3,497,472,16,8,40,30,15,0
1492,50,8,1,498,208,16,32,20,30,8,1
1493,50,8,2,498,270,4,32,20,20,10,0
1494,50,8,3,498,253,2,32,360,30,8,0
1495,50,9,1,499,93,2,32,40,30,4,1
1496,50,9,2,499,241,2,4,360,30,8,0
1497,50,9,3,499,466,4,4,40,30,15,0
1498,50,10,1,500,26,4,16,40,20,4,1
1499,50,10,2,500,198,4,8,20,30,8,0
1500,50,10,3,500,418,4,4,160,20,15,0
